Match ID,Competition ID,Date,Home Team,Away Team,Sky Bet Home Odds,Sky Bet Draw Odds,Sky Bet Away Odds,Implied Home %,Implied Draw %,Implied Away %,Model Home %,Model Draw %,Model Away %,Edge Home,Edge Draw,Edge Away,Recommended Pick,Recommended Edge,Stake,Result,Profit/Loss,Odds Retrieved UTC,Bankroll At Pick
6099338,133,2026-09-16,Everton,Wolverhampton Wanderers,1.4,4,6,63.16,22.11,14.74,68.06,20.1,11.84,4.9,-2.01,-2.9,No Bet,4.9,0,No Bet,0,2026-09-16T13:41:55.071547+00:00,1000
6099333,133,2026-09-16,Coventry City,Aston Villa,3,3.4,2.05,29.89,26.37,43.74,21.17,22.31,56.51,-8.72,-4.06,12.77,Away Win,12.77,9.43,Won,9.9,2026-09-16T11:44:09.189384+00:00,1000
6099329,133,2026-09-16,Manchester United,Brighton and Hove Albion,1.62,3.9,4,54.93,22.82,22.25,36.03,23.27,40.71,-18.9,0.45,18.46,Away Win,18.46,9.38,Won,28.14,2026-09-16T11:44:09.189477+00:00,1000
6099330,133,2026-09-17,Manchester City,Norwich City,1.06,9,15,84.14,9.91,5.95,91.11,7.46,1.43,6.97,-2.45,-4.52,No Bet,6.97,0,No Bet,0,2026-09-16T23:47:07.742785+00:00,1031.79
5795456,47,2026-09-18,Brentford,Chelsea,2.8,3.6,2.25,33.09,25.74,41.18,61.61,19.75,18.64,28.52,-5.99,-22.54,Home Win,28.52,52.4,Won,94.32,2026-09-16T11:44:10.510908+00:00,1103.11
5795464,47,2026-09-19,Tottenham Hotspur,Aston Villa,2,3.5,3.6,47.01,26.87,26.12,37.12,24.87,38.01,-9.89,-2,11.89,Away Win,11.89,34.06,Won,88.56,2026-09-16T11:44:10.510952+00:00,1177.42
5795457,47,2026-09-19,Brighton and Hove Albion,Arsenal,4.6,3.8,1.67,20.14,24.38,55.48,33.01,25.7,41.29,12.87,1.32,-14.19,Home Win,12.87,28.61,Won,103,2026-09-16T11:44:10.510980+00:00,1177.42
5795458,47,2026-09-19,Everton,Ipswich Town,1.75,3.75,4.33,53.45,24.94,21.6,65.57,19.55,14.89,12.12,-5.39,-6.71,Home Win,12.12,57.88,Won,43.41,2026-09-16T11:44:10.511020+00:00,1177.42
5795462,47,2026-09-19,Newcastle United,Hull City,1.57,4.2,5,59.25,22.15,18.6,42.23,23.78,33.99,-17.02,1.63,15.39,Away Win,15.39,32.17,Lost,-32.17,2026-09-16T11:44:10.511053+00:00,1177.42
5795463,47,2026-09-19,Nottingham Forest,Coventry City,1.6,3.9,5.5,58.78,24.12,17.1,69.97,20.11,9.92,11.19,-4.01,-7.18,Home Win,11.19,58.64,Lost,-58.64,2026-09-17T23:48:10.228192+00:00,1177.42
5795455,47,2026-09-20,Bournemouth,Liverpool,3.1,3.6,2.1,29.96,25.8,44.23,55.58,22.44,21.98,25.62,-3.36,-22.25,Home Win,25.62,51.78,Lost,-51.78,2026-09-16T11:44:10.511117+00:00,1150.71
5795460,47,2026-09-20,Leeds United,Crystal Palace,1.75,3.6,4.33,52.9,25.72,21.38,75.02,16.5,8.48,22.12,-9.22,-12.9,Home Win,22.12,57.54,Lost,-57.54,2026-09-16T11:44:10.511156+00:00,1150.71
5795461,47,2026-09-20,Manchester City,Sunderland,1.3,5.5,9,72.42,17.12,10.46,72.18,17.31,10.51,-0.24,0.19,0.05,No Bet,0.19,0,No Bet,0,2026-09-19T23:18:04.207445+00:00,1150.71
5795459,47,2026-09-20,Fulham,Manchester United,3.4,3.75,1.95,27.4,24.84,47.77,34.08,24.34,41.58,6.68,-0.5,-6.19,No Bet,6.68,0,No Bet,0,2026-09-19T23:18:04.207458+00:00,1150.71
6112254,73,2026-09-16,AC Milan,Benfica,2.2,3.6,2.9,42.2,25.79,32.01,37.44,26.04,36.52,-4.76,0.25,4.51,No Bet,4.51,0,No Bet,0,2026-09-16T13:41:57.067350+00:00,1000
6112330,73,2026-09-16,Sunderland,AZ Alkmaar,1.44,4.5,6,64.1,20.51,15.38,37.09,25.82,37.09,-27.01,5.31,21.71,Away Win,21.71,6.25,Lost,-6.25,2026-09-16T11:44:11.280733+00:00,1000
6112310,73,2026-09-16,Anderlecht,Lyon,2.88,3.6,2.3,32.76,26.21,41.03,36.34,25.49,38.17,3.58,-0.72,-2.86,No Bet,3.58,0,No Bet,0,2026-09-16T13:41:57.067404+00:00,1000
6112244,73,2026-09-16,Bayer Leverkusen,NK Celje,1.05,15,23,89.63,6.27,4.09,86.26,10.69,3.05,-3.37,4.42,-1.04,No Bet,4.42,0,No Bet,0,2026-09-16T13:41:57.067468+00:00,1000
6112315,73,2026-09-16,SK Sturm Graz,Rennes,3.8,4,1.8,24.62,23.39,51.98,33.09,25.2,41.71,8.47,1.81,-10.27,No Bet,8.47,0,No Bet,0,2026-09-16T13:41:57.067605+00:00,1000
6112373,73,2026-09-17,OFI Crete,TSG Hoffenheim,7,5,1.36,13.25,18.55,68.2,13.46,16.81,69.73,0.21,-1.74,1.53,No Bet,1.53,0,No Bet,0,2026-09-16T23:47:09.799389+00:00,1031.79
6112354,73,2026-09-17,Besiktas JK,Marseille,1.73,4,4,53.62,23.19,23.19,46.98,24.25,28.77,-6.64,1.06,5.58,No Bet,5.58,0,No Bet,0,2026-09-16T23:47:09.799476+00:00,1031.79
6112272,73,2026-09-17,Real Sociedad,Bournemouth,2.8,3.3,2.3,32.62,27.68,39.71,21.44,20.59,57.97,-11.18,-7.09,18.26,Away Win,18.26,12.9,Won,16.77,2026-09-16T11:44:11.281258+00:00,1031.79
6112299,73,2026-09-17,Celtic,Ferencváros TC,1.67,3.8,4.33,54.79,24.08,21.13,31.91,23.63,44.46,-22.88,-0.45,23.33,Away Win,23.33,9.14,Won,30.44,2026-09-16T11:44:11.281319+00:00,1031.79
6112324,73,2026-09-17,Crystal Palace,Lech Poznań,1.4,4.6,6.5,65.8,20.03,14.17,30.83,23.04,46.13,-34.97,3.01,31.96,Away Win,31.96,5.97,Lost,-5.97,2026-09-16T11:44:11.281348+00:00,1031.79
6112253,73,2026-09-17,Juventus,NEC Nijmegen,1.2,6.25,10.5,76.55,14.7,8.75,60.04,21.09,18.86,-16.51,6.39,10.11,Away Win,10.11,1.91,Lost,-1.91,2026-09-16T13:30:10.578253+00:00,1031.79
5904754,71,2026-09-19,Çorum FK,Alanyaspor,2.05,3.1,3.1,43.06,28.47,28.47,49.29,29.31,21.41,6.23,0.84,-7.06,No Bet,6.23,0,No Bet,0,2026-09-18T23:34:18.396859+00:00,1177.42
5904751,71,2026-09-19,Basaksehir,Genclerbirligi SK,1.5,3.9,4.8,58.92,22.66,18.41,62.26,22.77,14.96,3.34,0.11,-3.45,No Bet,3.34,0,No Bet,0,2026-09-18T23:34:18.396920+00:00,1177.42
5904749,71,2026-09-19,Trabzonspor,Galatasaray,2.7,3.75,2.1,33.27,23.95,42.78,30.64,23.28,46.08,-2.63,-0.67,3.3,No Bet,3.3,0,No Bet,0,2026-09-18T23:34:18.396949+00:00,1177.42
5904755,71,2026-09-20,Fenerbahce,Eyüpspor,1.14,5.5,9.5,75.34,15.62,9.04,89.46,10.54,0,14.12,-5.08,-9.04,Home Win,14.12,40.78,Won,5.71,2026-09-16T11:44:12.213456+00:00,1150.71
5904753,71,2026-09-20,Goztepe,Çaykur Rizespor,2.2,3.3,2.7,40.3,26.87,32.84,32.5,30.82,36.69,-7.8,3.95,3.85,No Bet,3.95,0,No Bet,0,2026-09-19T23:18:08.098640+00:00,1150.71
1000020422,299,2026-09-18,Montevideo City Torque,Club Cienciano,1.44,4.2,4.8,60.87,20.87,18.26,28.62,24.44,46.94,-32.25,3.57,28.68,Away Win,28.68,8.96,Lost,-8.96,2026-09-16T11:44:13.085579+00:00,1103.11
5103565,268,2026-09-16,Botafogo,Grêmio,1.67,3.6,4.2,53.72,24.92,21.36,43.77,26.76,29.47,-9.95,1.84,8.11,No Bet,8.11,0,No Bet,0,2026-09-16T13:41:59.885323+00:00,1000
5103638,268,2026-09-19,Mirassol,Botafogo,2.05,3.1,3.1,43.06,28.47,28.47,40.22,23.91,35.87,-2.84,-4.56,7.4,No Bet,7.4,0,No Bet,0,2026-09-18T23:34:19.540797+00:00,1177.42
5103643,268,2026-09-19,Remo,Santos,2.6,3.1,2.38,34.12,28.61,37.27,34.86,25.29,39.85,0.74,-3.32,2.58,No Bet,2.58,0,No Bet,0,2026-09-18T23:34:19.540828+00:00,1177.42
5103635,268,2026-09-19,Vasco da Gama,Coritiba,1.3,4.5,7.5,68.39,19.76,11.85,60.02,25.69,14.29,-8.37,5.93,2.44,No Bet,5.93,0,No Bet,0,2026-09-19T23:18:05.093185+00:00,1150.71
5103636,268,2026-09-20,Sao Paulo,Internacional,1.8,3.25,3.8,49.32,27.32,23.36,40.9,23.84,35.26,-8.42,-3.48,11.9,Away Win,11.9,27.35,Lost,-27.35,2026-09-17T23:48:12.140551+00:00,1150.71
5103640,268,2026-09-20,Grêmio,Palmeiras,3.8,3.4,1.75,23.32,26.06,50.63,30.56,24.89,44.55,7.24,-1.17,-6.08,No Bet,7.24,0,No Bet,0,2026-09-19T23:18:05.093228+00:00,1150.71
5103637,268,2026-09-20,Corinthians,Fluminense,2.05,2.9,3.1,42.23,29.85,27.92,37.4,23.89,38.71,-4.83,-5.96,10.79,Away Win,10.79,24.66,Won,51.79,2026-09-16T11:44:14.283474+00:00,1150.71
5103642,268,2026-09-20,Vitoria,Cruzeiro,2.6,3,2.3,33.37,28.92,37.72,27.06,25.22,47.72,-6.31,-3.7,10,Away Win,10,21.59,Won,28.07,2026-09-16T11:44:14.283513+00:00,1150.71
5802941,53,2026-09-18,AS Monaco,RC Lens,2,3.75,3.4,47.13,25.14,27.73,53.26,22.35,24.39,6.13,-2.79,-3.34,No Bet,6.13,0,No Bet,0,2026-09-17T23:48:13.100714+00:00,1103.11
5802943,53,2026-09-19,Paris FC,Strasbourg,2.05,3.6,3.25,45.45,25.88,28.67,59.98,20.34,19.68,14.53,-5.54,-8.99,Home Win,14.53,58.87,Won,61.81,2026-09-16T11:44:15.414075+00:00,1177.42
5802937,53,2026-09-19,Angers,Troyes,2.1,3.4,3.4,44.74,27.63,27.63,48.75,24.67,26.57,4.01,-2.96,-1.06,No Bet,4.01,0,No Bet,0,2026-09-18T23:34:20.406903+00:00,1177.42
5802944,53,2026-09-19,Toulouse,Le Havre,1.67,4,4.75,56.53,23.6,19.87,56.41,25.42,18.16,-0.12,1.82,-1.71,No Bet,1.82,0,No Bet,0,2026-09-18T23:34:20.406922+00:00,1177.42
5802939,53,2026-09-19,Le Mans FC,Lorient,2.7,3.4,2.5,34.79,27.63,37.58,23.92,24.21,51.87,-10.87,-3.42,14.29,Away Win,14.29,58.23,Lost,-58.23,2026-09-16T11:44:15.414155+00:00,1177.42
5802940,53,2026-09-19,Lyon,Rennes,2.1,3.8,3.1,44.84,24.78,30.38,53.8,20.75,25.44,8.96,-4.03,-4.94,No Bet,8.96,0,No Bet,0,2026-09-18T23:34:20.406981+00:00,1177.42
5802938,53,2026-09-20,Auxerre,Brest,2.8,3.5,2.38,33.6,26.88,39.53,41.51,27.01,31.47,7.91,0.13,-8.06,No Bet,7.91,0,No Bet,0,2026-09-19T23:18:06.207555+00:00,1150.71
5802942,53,2026-09-20,Nice,Lille,3.5,3.5,2,26.67,26.67,46.67,19.72,25.94,54.34,-6.95,-0.73,7.67,No Bet,7.67,0,No Bet,0,2026-09-19T23:18:06.207587+00:00,1150.71
5881174,54,2026-09-19,Hamburger SV,1. FC Köln,2.7,3.6,2.45,35.06,26.3,38.64,32.09,23.38,44.53,-2.97,-2.92,5.89,No Bet,5.89,0,No Bet,0,2026-09-18T23:34:21.431195+00:00,1177.42
5881178,54,2026-09-19,Werder Bremen,Augsburg,2.25,3.75,2.75,41.35,24.81,33.83,32.44,22.9,44.67,-8.91,-1.91,10.84,Away Win,10.84,36.82,Won,64.44,2026-09-16T11:44:17.427421+00:00,1177.42
5881173,54,2026-09-19,Eintracht Frankfurt,SC Freiburg,2.2,3.9,2.75,42.3,23.86,33.84,27.4,22.71,49.9,-14.9,-1.15,16.06,Away Win,16.06,56.42,Lost,-56.42,2026-09-16T11:44:17.427481+00:00,1177.42
5881177,54,2026-09-19,VfB Stuttgart,Borussia Dortmund,2.38,3.8,2.63,39.51,24.74,35.75,42.26,22.53,35.21,2.75,-2.21,-0.54,No Bet,2.75,0,No Bet,0,2026-09-18T23:34:21.431353+00:00,1177.42
5881170,54,2026-09-20,Bayer Leverkusen,RB Leipzig,1.95,4.2,3.3,48.66,22.59,28.75,52.77,21.39,25.84,4.11,-1.2,-2.91,No Bet,4.11,0,No Bet,0,2026-09-19T23:18:07.178847+00:00,1150.71
5881176,54,2026-09-20,FC Schalke 04,Elversberg,2,3.6,3.5,47.01,26.12,26.87,36.03,22.91,41.07,-10.98,-3.21,14.2,Away Win,14.2,41.95,Lost,-41.95,2026-09-16T11:44:17.427553+00:00,1150.71
5881175,54,2026-09-20,SC Paderborn,TSG Hoffenheim,4.2,4.5,1.67,22.48,20.98,56.54,24.84,21.3,53.86,2.36,0.32,-2.68,No Bet,2.36,0,No Bet,0,2026-09-19T23:18:07.178885+00:00,1150.71
5836839,48,2026-09-18,Bristol City,Watford,1.85,3.6,3.9,50.3,25.85,23.86,62.7,21.33,15.97,12.4,-4.52,-7.89,Home Win,12.4,51.89,Won,44.11,2026-09-16T11:44:18.425058+00:00,1103.11
5836841,48,2026-09-19,Cardiff City,Charlton Athletic,1.75,4,4.2,53.93,23.6,22.47,45.41,24.19,30.39,-8.52,0.59,7.92,No Bet,7.92,0,No Bet,0,2026-09-18T23:34:22.418294+00:00,1177.42
5836843,48,2026-09-19,Millwall,West Ham United,4,4,1.75,23.33,23.33,53.33,12.48,19.92,67.6,-10.85,-3.41,14.27,Away Win,14.27,58.87,Lost,-58.87,2026-09-16T11:44:18.425155+00:00,1177.42
5836838,48,2026-09-19,Birmingham City,Middlesbrough,2.8,3.75,2.25,33.43,24.96,41.6,40.23,24.4,35.37,6.8,-0.56,-6.23,No Bet,6.8,0,No Bet,0,2026-09-18T23:34:22.418408+00:00,1177.42
5836845,48,2026-09-19,Portsmouth,Blackburn Rovers,2.05,3.4,3.4,45.33,27.33,27.33,32.32,28.43,39.25,-13.01,1.1,11.92,Away Win,11.92,34.87,Lost,-34.87,2026-09-16T11:44:18.425273+00:00,1177.42
5836840,48,2026-09-19,Burnley,Derby County,1.73,4,4.33,54.58,23.61,21.81,53.29,22.98,23.74,-1.29,-0.63,1.93,No Bet,1.93,0,No Bet,0,2026-09-18T23:34:22.418469+00:00,1177.42
5836842,48,2026-09-19,Lincoln City,Swansea City,2.8,3.4,2.4,33.44,27.54,39.02,41.38,25.48,33.14,7.94,-2.06,-5.88,No Bet,7.94,0,No Bet,0,2026-09-18T23:34:22.418502+00:00,1177.42
5836849,48,2026-09-19,Wrexham AFC,Southampton,2.88,3.75,2.25,32.81,25.2,41.99,31.23,23.08,45.69,-1.58,-2.12,3.7,No Bet,3.7,0,No Bet,0,2026-09-18T23:34:22.418557+00:00,1177.42
5836844,48,2026-09-20,Norwich City,Bolton Wanderers,1.44,4.75,6,64.8,19.65,15.55,61.62,22.5,15.88,-3.18,2.85,0.33,No Bet,2.85,0,No Bet,0,2026-09-19T23:18:09.205105+00:00,1150.71
5837160,108,2026-09-19,Barnsley,Leicester City,3.3,3.8,1.95,28.08,24.39,47.53,27.36,22.27,50.37,-0.72,-2.12,2.84,No Bet,2.84,0,No Bet,0,2026-09-18T23:34:23.462769+00:00,1177.42
5837163,108,2026-09-19,Burton Albion,Mansfield Town,2.38,3.6,2.7,39.33,26,34.67,44.27,25.84,29.88,4.94,-0.16,-4.79,No Bet,4.94,0,No Bet,0,2026-09-18T23:34:23.462824+00:00,1177.42
5837161,108,2026-09-19,Blackpool,Plymouth Argyle,2.63,3.8,2.3,35.27,24.41,40.33,36.42,24.92,38.66,1.15,0.51,-1.67,No Bet,1.15,0,No Bet,0,2026-09-18T23:34:23.462862+00:00,1177.42
5837165,108,2026-09-19,Luton,Bradford City,2.05,3.7,3.25,45.77,25.36,28.87,47.34,24.77,27.89,1.57,-0.59,-0.98,No Bet,1.57,0,No Bet,0,2026-09-18T23:34:23.462888+00:00,1177.42
5837162,108,2026-09-19,Bromley FC,Huddersfield Town,5,4.5,1.53,18.59,20.66,60.75,14.5,19.61,65.89,-4.09,-1.05,5.14,No Bet,5.14,0,No Bet,0,2026-09-18T23:34:23.462933+00:00,1177.42
5837166,108,2026-09-19,Oxford United,Cambridge United,2.05,3.25,3.1,43.63,27.52,28.85,55.99,27.99,16.02,12.36,0.47,-12.83,Home Win,12.36,41.43,Lost,-41.43,2026-09-16T11:44:19.429657+00:00,1177.42
5837167,108,2026-09-19,Peterborough United,Doncaster Rovers,2.3,3.8,2.63,40.33,24.41,35.27,46.83,23.87,29.3,6.5,-0.54,-5.97,No Bet,6.5,0,No Bet,0,2026-09-18T23:34:23.463047+00:00,1177.42
5837164,108,2026-09-19,Leyton Orient,Stevenage,2.3,3.4,2.9,40.49,27.39,32.11,34.86,25.29,39.85,-5.63,-2.1,7.74,No Bet,7.74,0,No Bet,0,2026-09-18T23:34:23.463076+00:00,1177.42
5837168,108,2026-09-19,Reading,Notts County,1.75,3.5,3.75,50.85,25.42,23.73,64.25,20.33,15.41,13.4,-5.09,-8.32,Home Win,13.4,48.81,Won,36.61,2026-09-16T11:44:19.429802+00:00,1177.42
5837170,108,2026-09-19,Wigan Athletic,Wycombe Wanderers,2.3,3.7,2.7,40.43,25.13,34.44,36.93,27.59,35.48,-3.5,2.46,1.04,No Bet,2.46,0,No Bet,0,2026-09-18T23:34:23.463230+00:00,1177.42
5837940,109,2026-09-19,Rochdale,Oldham Athletic,3.5,3.8,1.91,26.64,24.54,48.82,27.53,23.56,48.91,0.89,-0.98,0.09,No Bet,0.89,0,No Bet,0,2026-09-18T23:34:24.544624+00:00,1177.42
5837942,109,2026-09-19,Walsall,Port Vale,2.38,3.5,2.75,39.29,26.71,34,45.53,26.5,27.97,6.24,-0.21,-6.03,No Bet,6.24,0,No Bet,0,2026-09-18T23:34:24.544658+00:00,1177.42
5837931,109,2026-09-19,Accrington Stanley,Newport County,1.95,3.8,3.3,47.53,24.39,28.08,44.52,24.19,31.29,-3.01,-0.2,3.21,No Bet,3.21,0,No Bet,0,2026-09-18T23:34:24.544734+00:00,1177.42
5837932,109,2026-09-19,Barnet,Fleetwood Town,1.57,4,5,58.6,23,18.4,47.55,24.89,27.56,-11.05,1.89,9.16,No Bet,9.16,0,No Bet,0,2026-09-18T23:34:24.544775+00:00,1177.42
5837937,109,2026-09-19,Gillingham,Bristol Rovers,3.4,3.7,2,27.63,25.39,46.98,35.14,26.02,38.85,7.51,0.63,-8.13,No Bet,7.51,0,No Bet,0,2026-09-18T23:34:24.544830+00:00,1177.42
5837934,109,2026-09-19,Colchester United,Cheltenham Town,1.87,3.8,3.6,49.71,24.46,25.82,51.2,23.39,25.41,1.49,-1.07,-0.41,No Bet,1.49,0,No Bet,0,2026-09-18T23:34:24.544882+00:00,1177.42
5837933,109,2026-09-19,Chesterfield FC,York City,2.25,3.4,2.6,39.57,26.19,34.24,53.29,23.23,23.48,13.72,-2.96,-10.76,Home Win,13.72,46.87,Won,58.59,2026-09-16T11:44:20.213485+00:00,1177.42
5837938,109,2026-09-19,Grimsby Town,Crawley Town,1.4,5,6,66.08,18.5,15.42,69.65,18.95,11.4,3.57,0.45,-4.02,No Bet,3.57,0,No Bet,0,2026-09-18T23:34:24.544959+00:00,1177.42
5837935,109,2026-09-19,Crewe Alexandra,Shrewsbury Town,1.91,3.25,3.5,46.87,27.55,25.58,63.62,21.05,15.33,16.75,-6.5,-10.25,Home Win,16.75,58.87,Lost,-58.87,2026-09-16T11:44:20.213582+00:00,1177.42
5837936,109,2026-09-19,Exeter City,Tranmere Rovers,2.2,3.5,3,42.34,26.61,31.05,51.15,24.29,24.56,8.81,-2.32,-6.49,No Bet,8.81,0,No Bet,0,2026-09-18T23:34:24.545036+00:00,1177.42
5837939,109,2026-09-19,Northampton Town,Rotherham United,2.5,3.4,2.63,37.23,27.38,35.39,37.81,25.76,36.43,0.58,-1.62,1.04,No Bet,1.04,0,No Bet,0,2026-09-18T23:34:24.545059+00:00,1177.42
5837941,109,2026-09-19,Salford City,Swindon Town,1.44,4.75,5.5,63.9,19.37,16.73,57.6,21.8,20.6,-6.3,2.43,3.87,No Bet,3.87,0,No Bet,0,2026-09-18T23:34:24.545087+00:00,1177.42
5868062,87,2026-09-16,Atlético Madrid,CA Osasuna,1.36,4.75,8.5,69.14,19.8,11.06,68.12,19.23,12.65,-1.02,-0.57,1.59,No Bet,1.59,0,No Bet,0,2026-09-16T13:42:07.977130+00:00,1000
5868066,87,2026-09-16,Barcelona,Real Racing Club de Santander,1.04,17,26,90.81,5.56,3.63,94.58,5.39,0.02,3.77,-0.17,-3.61,No Bet,3.77,0,No Bet,0,2026-09-16T13:42:07.977236+00:00,1000
5868063,87,2026-09-17,Real Betis,Getafe,1.62,3.6,5.5,57.32,25.79,16.88,73.4,18.91,7.69,16.08,-6.88,-9.19,Home Win,16.08,51.59,Won,31.99,2026-09-16T11:44:21.203595+00:00,1031.79
5868068,87,2026-09-17,Málaga,Villarreal,3.6,3.8,1.91,26.09,24.72,49.18,23.38,20.12,56.5,-2.71,-4.6,7.32,No Bet,7.32,0,No Bet,0,2026-09-16T23:47:18.877277+00:00,1031.79
5868075,87,2026-09-18,Espanyol,Elche CF,1.8,3.5,4.5,52.24,26.87,20.9,64.87,20.85,14.28,12.63,-6.02,-6.62,Home Win,12.63,55.16,Lost,-55.16,2026-09-16T11:44:21.203655+00:00,1103.11
5868077,87,2026-09-19,CA Osasuna,Rayo Vallecano,2.6,3.2,2.8,36.48,29.64,33.88,38.07,25.23,36.71,1.59,-4.41,2.83,No Bet,2.83,0,No Bet,0,2026-09-18T23:34:25.489941+00:00,1177.42
5868073,87,2026-09-19,Celta Vigo,Real Racing Club de Santander,1.75,3.75,4.2,53.1,24.78,22.12,65.7,21.72,12.58,12.6,-3.06,-9.54,Home Win,12.6,58.77,Won,44.08,2026-09-16T11:44:21.203750+00:00,1177.42
5868078,87,2026-09-19,Sevilla,Barcelona,12,8,1.18,7.89,11.84,80.27,10.76,16.75,72.5,2.87,4.91,-7.77,No Bet,4.91,0,No Bet,0,2026-09-18T23:34:25.490021+00:00,1177.42
5868076,87,2026-09-20,Getafe,Málaga,2,2.9,4.2,46.17,31.84,21.99,57.27,19.74,22.99,11.1,-12.1,1,Home Win,11.1,41.83,Won,41.83,2026-09-18T23:34:25.490050+00:00,1150.71
5868072,87,2026-09-20,Atlético Madrid,Real Madrid,3.4,3.8,1.95,27.49,24.59,47.92,34.36,23.89,41.75,6.87,-0.7,-6.17,No Bet,6.87,0,No Bet,0,2026-09-19T23:18:12.155979+00:00,1150.71
5868080,87,2026-09-20,Villarreal,Levante,1.5,4.75,5.5,62.95,19.88,17.17,56.82,21.5,21.68,-6.13,1.62,4.51,No Bet,4.51,0,No Bet,0,2026-09-19T23:18:12.156006+00:00,1150.71
5868079,87,2026-09-20,Valencia,Real Sociedad,2.75,3.3,2.5,34.09,28.41,37.5,35.53,24.9,39.57,1.44,-3.51,2.07,No Bet,2.07,0,No Bet,0,2026-09-19T23:18:12.156019+00:00,1150.71
5749686,55,2026-09-18,Monza,Sassuolo,2.8,3.4,2.4,33.44,27.54,39.02,36.87,23.67,39.46,3.43,-3.87,0.44,No Bet,3.43,0,No Bet,0,2026-09-17T23:48:20.077442+00:00,1103.11
5749682,55,2026-09-19,Bologna,Torino,1.95,3.4,4,48.52,27.83,23.65,48.59,25.74,25.67,0.07,-2.09,2.02,No Bet,2.02,0,No Bet,0,2026-09-18T23:34:26.498843+00:00,1177.42
5749688,55,2026-09-19,Udinese,Cagliari,2.2,3.3,3.4,43.22,28.81,27.97,45.43,26.88,27.69,2.21,-1.93,-0.28,No Bet,2.21,0,No Bet,0,2026-09-18T23:34:26.498885+00:00,1177.42
5749681,55,2026-09-19,AS Roma,Inter Milan,2.63,3.5,2.6,36.19,27.2,36.61,38.73,25.27,36.01,2.54,-1.93,-0.6,No Bet,2.54,0,No Bet,0,2026-09-18T23:34:26.498907+00:00,1177.42
5749689,55,2026-09-19,Venezia,Lazio,3.75,3.4,1.95,24.84,27.4,47.77,34.99,22.22,42.79,10.15,-5.18,-4.98,Home Win,10.15,26.45,Lost,-26.45,2026-09-16T11:44:22.133130+00:00,1177.42
5749683,55,2026-09-20,Fiorentina,Napoli,3.1,3.4,2.2,30.11,27.46,42.43,24.44,26.04,49.52,-5.67,-1.42,7.09,No Bet,7.09,0,No Bet,0,2026-09-19T23:18:13.123448+00:00,1150.71
5749684,55,2026-09-20,Frosinone,Como,6,4.5,1.44,15.38,20.51,64.1,18.74,21,60.25,3.36,0.49,-3.85,No Bet,3.36,0,No Bet,0,2026-09-19T23:18:13.123473+00:00,1150.71
5749687,55,2026-09-20,Parma,Genoa,3.1,2.9,2.5,30.22,32.31,37.47,50.01,28.08,21.91,19.79,-4.23,-15.56,Home Win,19.79,51.78,Won,108.74,2026-09-16T11:44:22.133202+00:00,1150.71
5749685,55,2026-09-20,Juventus,Atalanta BC,1.67,3.75,5,56.2,25.03,18.77,59.73,23.24,17.03,3.53,-1.79,-1.74,No Bet,3.53,0,No Bet,0,2026-09-19T23:18:13.123498+00:00,1150.71
5749680,55,2026-09-20,AC Milan,Lecce,1.22,5.5,12,75.56,16.76,7.68,68.76,22.12,9.12,-6.8,5.36,1.44,No Bet,5.36,0,No Bet,0,2026-09-19T23:18:13.123508+00:00,1150.71
5837179,108,2026-09-26,Plymouth Argyle,Burton Albion,1.57,3.75,4.6,56.82,23.79,19.39,61.18,22.06,16.76,4.36,-1.73,-2.63,No Bet,4.36,0,No Bet,0,2026-09-22T00:15:25.022052+00:00,1309.49
5837172,108,2026-09-26,Cambridge United,Wimbledon,1.8,3.3,3.75,49.37,26.93,23.7,64.81,19.27,15.91,15.44,-7.66,-7.79,Home Win,15.44,65.47,Lost,-65.47,2026-09-19T23:18:10.144548+00:00,1309.49
5837181,108,2026-09-26,Stockport County FC,Peterborough United,1.3,4.8,6.5,67.99,18.41,13.6,68.51,18.51,12.98,0.52,0.1,-0.62,No Bet,0.52,0,No Bet,0,2026-09-22T00:15:25.022247+00:00,1309.49
5837182,108,2026-09-26,Wycombe Wanderers,Reading,2.38,3.5,2.45,37.72,25.65,36.64,20.11,22,57.89,-17.61,-3.65,21.25,Away Win,21.25,65.47,Lost,-65.47,2026-09-19T23:18:10.144643+00:00,1309.49
5837952,109,2026-09-26,Swindon Town,Accrington Stanley,2.1,3.7,3,44.1,25.03,30.87,40.52,25.9,33.58,-3.58,0.87,2.71,No Bet,2.71,0,No Bet,0,2026-09-26T00:05:39.265371+00:00,1309.49
5837943,109,2026-09-26,Bristol Rovers,Exeter City,1.62,4,4.75,57.27,23.2,19.53,51.66,23.57,24.78,-5.61,0.37,5.25,No Bet,5.25,0,No Bet,0,2026-09-26T00:05:39.265405+00:00,1309.49
5837944,109,2026-09-26,Cheltenham Town,Chesterfield FC,3,3.8,2.1,31.07,24.53,44.39,32.56,23.96,43.48,1.49,-0.57,-0.91,No Bet,1.49,0,No Bet,0,2026-09-26T00:05:39.265434+00:00,1309.49
5837951,109,2026-09-26,Shrewsbury Town,Colchester United,2.3,3.3,2.9,40.16,27.99,31.85,35.89,27.26,36.85,-4.27,-0.73,5,No Bet,5,0,No Bet,0,2026-09-26T00:05:39.265485+00:00,1309.49
5837950,109,2026-09-26,Rotherham United,Crewe Alexandra,2,3.8,3.3,46.9,24.68,28.42,41.17,26.03,32.8,-5.73,1.35,4.38,No Bet,4.38,0,No Bet,0,2026-09-26T00:05:39.265516+00:00,1309.49
5837946,109,2026-09-26,Fleetwood Town,Rochdale,1.75,3.5,3.8,51.01,25.5,23.49,68.6,19.71,11.69,17.59,-5.79,-11.8,Home Win,17.59,65.47,Lost,-65.47,2026-09-19T23:18:11.230589+00:00,1309.49
5837954,109,2026-09-26,York City,Gillingham,1.44,4.2,5.25,61.84,21.2,16.96,41.95,22.26,35.79,-19.89,1.06,18.83,Away Win,18.83,38.88,Lost,-38.88,2026-09-19T23:18:11.230622+00:00,1309.49
5837947,109,2026-09-26,Newport County,Grimsby Town,4,3.8,1.75,23.05,24.26,52.69,27.39,24.81,47.8,4.34,0.55,-4.89,No Bet,4.34,0,No Bet,0,2026-09-26T00:05:39.265670+00:00,1309.49
5837953,109,2026-09-26,Tranmere Rovers,Walsall,2.45,3.6,2.63,38.28,26.05,35.66,41.78,25,33.22,3.5,-1.05,-2.44,No Bet,3.5,0,No Bet,0,2026-09-26T00:05:39.265720+00:00,1309.49
5837948,109,2026-09-26,Oldham Athletic,Salford City,2.38,3.7,2.63,39.24,25.24,35.51,42.49,26.28,31.23,3.25,1.04,-4.28,No Bet,3.25,0,No Bet,0,2026-09-26T00:05:39.265746+00:00,1309.49
5103566,268,2026-10-02,Sao Paulo,Santos,1.91,3.25,3.4,46.52,27.34,26.14,40.42,23.94,35.63,-6.1,-3.4,9.49,No Bet,9.49,0,No Bet,0,2026-10-02T00:55:01.196130+00:00,1074.2
5837192,108,2026-10-03,Reading,Bradford City,2.15,3.1,3,41.49,28.78,29.73,58.55,22.65,18.8,17.06,-6.13,-10.93,Home Win,17.06,53.71,Lost,-53.71,2026-09-26T23:45:36.974758+00:00,1074.2
5837186,108,2026-10-03,Bromley FC,Wycombe Wanderers,2.88,3.5,2.05,30.98,25.49,43.53,27.62,23.98,48.4,-3.36,-1.51,4.87,No Bet,4.87,0,No Bet,0,2026-09-30T00:34:25.461998+00:00,1074.2
5837187,108,2026-10-03,Burton Albion,Huddersfield Town,3.8,3.8,1.83,24.53,24.53,50.94,31.82,24.38,43.79,7.29,-0.15,-7.15,No Bet,7.29,0,No Bet,0,2026-10-03T00:38:19.569005+00:00,1074.2
5837188,108,2026-10-03,Leyton Orient,Plymouth Argyle,3.3,4,1.91,28.15,23.22,48.63,27.67,23.39,48.93,-0.48,0.17,0.3,No Bet,0.3,0,No Bet,0,2026-10-03T00:38:19.569044+00:00,1074.2
5837194,108,2026-10-03,Wigan Athletic,Mansfield Town,2.15,3.4,2.7,41.18,26.04,32.79,28.62,28.35,43.03,-12.56,2.31,10.24,Away Win,10.24,22.73,Pending,0,2026-09-26T23:45:36.974909+00:00,988
5837957,109,2026-10-03,Chesterfield FC,Tranmere Rovers,1.65,4.2,4.4,56.57,22.22,21.21,55.19,23.18,21.62,-1.38,0.96,0.41,No Bet,0.96,0,No Bet,0,2026-10-03T00:38:20.525530+00:00,1074.2
5837955,109,2026-10-03,Accrington Stanley,Cheltenham Town,2.3,3.6,2.75,40.4,25.81,33.79,38.37,25.07,36.56,-2.03,-0.74,2.77,No Bet,2.77,0,No Bet,0,2026-10-03T00:38:20.525607+00:00,1074.2
5837959,109,2026-10-03,Crewe Alexandra,Bristol Rovers,2.88,3.8,2.15,32.28,24.47,43.25,41.82,26.16,32.02,9.54,1.69,-11.23,No Bet,9.54,0,No Bet,0,2026-10-03T00:38:20.525653+00:00,1074.2
5837966,109,2026-10-03,Walsall,Crawley Town,1.55,3.9,4.33,56.97,22.64,20.39,57.58,24.18,18.25,0.61,1.54,-2.14,No Bet,1.54,0,No Bet,0,2026-09-30T00:34:26.513937+00:00,1074.2
5837960,109,2026-10-03,Exeter City,Rotherham United,2.45,3.6,2.63,38.28,26.05,35.66,42.1,26.72,31.18,3.82,0.67,-4.48,No Bet,3.82,0,No Bet,0,2026-10-03T00:38:20.525724+00:00,1074.2
5837965,109,2026-10-03,Salford City,Fleetwood Town,1.7,3.6,3.9,52.41,24.75,22.84,38.95,26.3,34.75,-13.46,1.55,11.91,Away Win,11.91,25.22,Lost,-25.22,2026-09-26T23:45:38.008831+00:00,1074.2
5837961,109,2026-10-03,Gillingham,Newport County,2,3.6,3.4,46.65,25.91,27.44,43.63,24.17,32.2,-3.02,-1.74,4.76,No Bet,4.76,0,No Bet,0,2026-10-03T00:38:20.525804+00:00,1074.2
5837962,109,2026-10-03,Grimsby Town,Shrewsbury Town,1.6,3.75,4.33,55.67,23.75,20.57,70.59,18.2,11.22,14.92,-5.55,-9.35,Home Win,14.92,53.71,Lost,-53.71,2026-09-26T23:45:38.008876+00:00,1074.2
5837963,109,2026-10-03,Northampton Town,Oldham Athletic,2.5,3.1,2.45,35.37,28.53,36.1,37.13,26.21,36.66,1.76,-2.32,0.56,No Bet,1.76,0,No Bet,0,2026-09-30T00:34:26.514052+00:00,1074.2
5837964,109,2026-10-03,Rochdale,Swindon Town,2.25,3.4,2.6,39.57,26.19,34.24,52.13,23.06,24.81,12.56,-3.13,-9.43,Home Win,12.56,37.15,Won,46.44,2026-09-27T23:54:59.534337+00:00,1074.2
5103650,268,2026-10-07,Internacional,Corinthians,2,3,3,42.86,28.57,28.57,53.52,27.38,19.1,10.66,-1.19,-9.47,Home Win,10.66,17.39,Pending,0,2026-10-03T23:54:23.695995+00:00,988.0
5103653,268,2026-10-07,Remo,Grêmio,2.1,3.25,3.0,42.62,27.54,29.84,38.9,26.96,34.14,-3.72,-0.58,4.3,No Bet,4.3,0.0,No Bet,0.0,2026-10-05T00:09:49.677509+00:00,988.0
5103652,268,2026-10-07,Vitoria,Chapecoense,1.6,3.6,4.6,55.8,24.8,19.41,50.01,26.07,23.92,-5.79,1.27,4.51,No Bet,4.51,0.0,No Bet,0.0,2026-10-05T00:09:49.677540+00:00,988.0
5103645,268,2026-10-07,Botafogo,Vasco da Gama,2.5,3.3,2.38,35.61,26.98,37.41,29.33,25.31,45.36,-6.28,-1.67,7.95,No Bet,7.95,0.0,No Bet,0.0,2026-10-05T00:09:49.677567+00:00,988.0
5103649,268,2026-10-08,Cruzeiro,Sao Paulo,1.75,3.2,3.6,49.19,26.9,23.91,59.82,26.23,13.95,10.63,-0.67,-9.96,Home Win,10.63,15.43,Pending,0,2026-09-29T01:07:19.372402+00:00,988
5103646,268,2026-10-08,Santos,Flamengo,3.6,3.4,1.73,24.16,25.58,50.27,29.59,25.28,45.13,5.43,-0.3,-5.14,No Bet,5.43,0.0,No Bet,0.0,2026-10-05T00:09:49.677607+00:00,988.0
5103647,268,2026-10-09,Palmeiras,Bahia,1.44,3.8,4.75,59.45,22.53,18.02,44.55,27.43,28.02,-14.9,4.9,10,Away Win,10,14.31,Pending,0,2026-09-29T01:07:19.372466+00:00,988
5103644,268,2026-10-09,Fluminense,Coritiba,1.44,3.75,5.5,60.76,23.33,15.91,69.78,18.8,11.42,9.02,-4.53,-4.49,No Bet,9.02,0.0,No Bet,0.0,2026-10-05T00:09:49.677679+00:00,988.0
5881180,54,2026-10-09,Borussia Dortmund,Werder Bremen,1.33,5.25,7.0,69.28,17.55,13.16,63.96,19.53,16.51,-5.32,1.98,3.35,No Bet,3.35,0.0,No Bet,0.0,2026-10-05T00:09:51.738534+00:00,988.0
5868086,87,2026-10-09,Málaga,Espanyol,2.63,3.1,2.63,35.11,29.78,35.11,33.68,21.18,45.14,-1.43,-8.6,10.03,Away Win,10.03,27.75,Pending,0,2026-10-03T23:54:29.817080+00:00,988.0
5802947,53,2026-10-09,RC Lens,Lyon,2.38,3.75,2.63,39.38,24.99,35.63,44.66,24.5,30.85,5.28,-0.49,-4.78,No Bet,5.28,0.0,No Bet,0.0,2026-10-05T00:09:50.715106+00:00,988.0
5795465,47,2026-10-10,Arsenal,Leeds United,1.36,4.8,7.5,68.27,19.34,12.38,59.34,20.52,20.13,-8.93,1.18,7.75,No Bet,7.75,0.0,No Bet,0.0,2026-10-05T00:09:46.783618+00:00,988.0
5795466,47,2026-10-10,Aston Villa,Brentford,2.63,3.4,2.5,35.39,27.38,37.23,34.86,24.14,41.0,-0.53,-3.24,3.77,No Bet,3.77,0.0,No Bet,0.0,2026-10-05T00:09:46.783658+00:00,988.0
5795467,47,2026-10-10,Chelsea,Bournemouth,1.7,4,4.33,55.02,23.38,21.6,35.93,22.37,41.7,-19.09,-1.01,20.1,Away Win,20.1,35.01,Pending,0,2026-10-01T00:46:34.890934+00:00,988
5795474,47,2026-10-10,Sunderland,Brighton and Hove Albion,2.88,3.3,2.3,32,27.93,40.07,18.28,24.84,56.88,-13.72,-3.09,16.81,Away Win,16.81,49.4,Pending,0,2026-10-01T00:46:34.890966+00:00,988
5795471,47,2026-10-10,Ipswich Town,Fulham,2.7,3.3,2.5,34.5,28.23,37.26,33.37,26.24,40.38,-1.13,-1.99,3.12,No Bet,3.12,0.0,No Bet,0.0,2026-10-05T00:09:46.783753+00:00,988.0
5795473,47,2026-10-10,Manchester United,Tottenham Hotspur,1.67,4.0,4.33,55.46,23.15,21.39,57.03,20.48,22.49,1.57,-2.67,1.1,No Bet,1.57,0.0,No Bet,0.0,2026-10-05T00:09:46.783770+00:00,988.0
5802948,53,2026-10-10,Lille,Le Havre,1.4,4.75,7.0,66.9,19.72,13.38,67.86,20.21,11.93,0.96,0.49,-1.45,No Bet,0.96,0.0,No Bet,0.0,2026-10-05T00:09:50.715150+00:00,988.0
5802950,53,2026-10-10,AS Monaco,Toulouse,1.67,4,4.5,55.91,23.34,20.75,66.79,20.36,12.85,10.88,-2.98,-7.9,Home Win,10.88,42.54,Pending,0,2026-10-03T23:54:24.838001+00:00,988.0
5802946,53,2026-10-10,Brest,Angers,2.05,3.4,3.4,45.33,27.33,27.33,50.4,24.76,24.84,5.07,-2.57,-2.49,No Bet,5.07,0.0,No Bet,0.0,2026-10-05T00:09:50.715223+00:00,988.0
5802949,53,2026-10-10,Lorient,Paris FC,2.88,3.4,2.3,32.27,27.33,40.4,29.35,25.6,45.05,-2.92,-1.73,4.65,No Bet,4.65,0.0,No Bet,0.0,2026-10-05T00:09:50.715279+00:00,988.0
5881184,54,2026-10-10,FSV Mainz 05,Bayer Leverkusen,2.8,3.9,2.15,33.11,23.77,43.12,44.17,23.87,31.96,11.06,0.1,-11.16,Home Win,11.06,30.86,Pending,0,2026-10-01T00:46:37.877339+00:00,988
5881187,54,2026-10-10,Union Berlin,Elversberg,2.2,3.75,2.8,42.15,24.73,33.12,21.34,20.84,57.82,-20.81,-3.89,24.7,Away Win,24.7,46.93,Pending,0,2026-10-01T00:46:37.877358+00:00,988
5881183,54,2026-10-10,TSG Hoffenheim,Hamburger SV,1.4,5.0,6.25,66.49,18.62,14.89,69.82,17.46,12.73,3.33,-1.16,-2.16,No Bet,3.33,0.0,No Bet,0.0,2026-10-05T00:09:51.738682+00:00,988.0
5881185,54,2026-10-10,SC Paderborn,VfB Stuttgart,4.75,4.5,1.57,19.68,20.77,59.54,26.12,21.33,52.56,6.44,0.56,-6.98,No Bet,6.44,0.0,No Bet,0.0,2026-10-05T00:09:51.738722+00:00,988.0
5881186,54,2026-10-10,RB Leipzig,Eintracht Frankfurt,1.5,5,5,62.5,18.75,18.75,49.66,20.53,29.81,-12.84,1.78,11.06,Away Win,11.06,18.93,Pending,0,2026-10-03T23:54:25.808365+00:00,988
5904766,71,2026-10-10,Samsunspor,Trabzonspor,3.0,3.3,1.91,28.74,26.13,45.14,29.76,22.74,47.49,1.02,-3.39,2.35,No Bet,2.35,0.0,No Bet,0.0,2026-10-05T00:09:48.792009+00:00,988.0
5904761,71,2026-10-10,Çaykur Rizespor,Fenerbahce,3.8,3.5,1.62,22.57,24.5,52.93,4.87,18.88,76.24,-17.7,-5.62,23.31,Away Win,23.31,49.4,Pending,0,2026-10-01T00:46:38.779501+00:00,988
5836852,48,2026-10-10,Charlton Athletic,Bristol City,3.1,3.3,2.25,30.15,28.32,41.53,28.3,27.39,44.31,-1.85,-0.93,2.78,No Bet,2.78,0.0,No Bet,0.0,2026-10-05T00:09:53.730170+00:00,988.0
5836858,48,2026-10-10,Swansea City,Norwich City,2.45,3.6,2.63,38.28,26.05,35.66,55.68,23.16,21.16,17.4,-2.89,-14.5,Home Win,17.4,49.4,Pending,0,2026-10-01T00:46:39.914136+00:00,988
5836850,48,2026-10-10,Blackburn Rovers,Cardiff City,2.5,3.6,2.5,37.11,25.77,37.11,51.85,24.7,23.45,14.74,-1.07,-13.66,Home Win,14.74,48.78,Pending,0,2026-10-01T00:46:39.914182+00:00,988
5836851,48,2026-10-10,Bolton Wanderers,Stoke City,2.63,3.4,2.5,35.39,27.38,37.23,39.87,26.92,33.2,4.48,-0.46,-4.03,No Bet,4.48,0.0,No Bet,0.0,2026-10-05T00:09:53.730320+00:00,988.0
5836859,48,2026-10-10,Watford,Burnley,2.88,3.5,2.25,32.23,26.52,41.25,24.78,23.57,51.66,-7.45,-2.95,10.41,Away Win,10.41,32.08,Pending,0,2026-10-01T00:46:39.914243+00:00,988
5836853,48,2026-10-10,Derby County,Wrexham AFC,2.6,3.4,2.6,36.17,27.66,36.17,29.21,27.14,43.65,-6.96,-0.52,7.48,No Bet,7.48,0.0,No Bet,0.0,2026-10-05T00:09:53.730374+00:00,988.0
5836854,48,2026-10-10,Middlesbrough,Wolverhampton Wanderers,2.15,3.75,2.9,43.2,24.77,32.03,29.55,26.31,44.14,-13.65,1.54,12.11,Away Win,12.11,33.98,Pending,0,2026-10-01T00:46:39.914324+00:00,988
5836855,48,2026-10-10,Preston North End,Millwall,2.63,3.4,2.45,35.12,27.17,37.71,24.41,24.2,51.39,-10.71,-2.97,13.68,Away Win,13.68,44.13,Pending,0,2026-10-01T00:46:39.914348+00:00,988
5837202,108,2026-10-10,Notts County,Oxford United,2.38,3.25,2.5,37.25,27.28,35.47,25.97,26.26,47.77,-11.28,-1.02,12.3,Away Win,12.3,31.99,Pending,0,2026-10-03T00:38:19.569083+00:00,988
5837203,108,2026-10-10,Plymouth Argyle,Wimbledon,1.44,4.0,5.5,61.66,22.2,16.14,66.18,18.71,15.11,4.52,-3.49,-1.03,No Bet,4.52,0.0,No Bet,0.0,2026-10-05T00:09:54.672732+00:00,988.0
5837205,108,2026-10-10,Stockport County FC,Barnsley,1.33,4.8,6.0,66.72,18.49,14.79,70.21,17.51,12.29,3.49,-0.98,-2.5,No Bet,3.49,0.0,No Bet,0.0,2026-10-05T00:09:54.672770+00:00,988.0
5837196,108,2026-10-10,Cambridge United,Blackpool,1.91,3.5,3.1,46.26,25.24,28.5,60.01,21.66,18.34,13.75,-3.58,-10.16,Home Win,13.75,39.68,Pending,0,2026-10-01T00:46:40.882748+00:00,988
5837195,108,2026-10-10,Bradford City,Leyton Orient,1.67,3.5,4.2,53.34,25.45,21.21,66.03,23.38,10.58,12.69,-2.07,-10.63,Home Win,12.69,37.89,Pending,0.0,2026-10-05T00:09:54.672884+00:00,988.0
5837201,108,2026-10-10,Mansfield Town,Bromley FC,1.75,3.5,3.6,50.35,25.17,24.48,65.38,20.01,14.6,15.03,-5.16,-9.88,Home Win,15.03,47.47,Pending,0,2026-10-01T00:46:40.882817+00:00,988
5837197,108,2026-10-10,Doncaster Rovers,Burton Albion,1.75,3.5,3.75,50.85,25.42,23.73,40.44,25.53,34.03,-10.41,0.11,10.3,Away Win,10.3,19.63,Pending,0,2026-10-01T00:46:40.882869+00:00,988
5837199,108,2026-10-10,Leicester City,Peterborough United,1.5,4.2,4.6,59.41,21.22,19.37,64.05,20.43,15.52,4.64,-0.79,-3.85,No Bet,4.64,0.0,No Bet,0.0,2026-10-05T00:09:54.673081+00:00,988.0
5837206,108,2026-10-10,Wycombe Wanderers,Luton,2.5,3.4,2.38,35.9,26.4,37.71,32.92,23.76,43.33,-2.98,-2.64,5.62,No Bet,5.62,0.0,No Bet,0.0,2026-10-05T00:09:54.673122+00:00,988.0
5837204,108,2026-10-10,Stevenage,Wigan Athletic,2.15,3.1,3,41.49,28.78,29.73,66.67,20.97,12.35,25.18,-7.81,-17.38,Home Win,25.18,49.4,Pending,0,2026-10-01T00:46:40.883059+00:00,988
5868081,87,2026-10-10,Alavés,Atlético Madrid,3.9,3.6,1.85,23.86,25.85,50.3,25.44,24.36,50.2,1.58,-1.49,-0.1,No Bet,1.58,0.0,No Bet,0.0,2026-10-05T00:09:56.665170+00:00,988.0
5868084,87,2026-10-10,Barcelona,Getafe,1.05,15.0,19.0,88.87,6.22,4.91,90.14,8.43,1.43,1.27,2.21,-3.48,No Bet,2.21,0.0,No Bet,0.0,2026-10-05T00:09:56.665188+00:00,988.0
5868089,87,2026-10-10,Real Madrid,Villarreal,1.3,5.75,7.5,71.46,16.16,12.39,62.02,20.04,17.95,-9.44,3.88,5.56,No Bet,5.56,0.0,No Bet,0.0,2026-10-05T00:09:56.665207+00:00,988.0
5749693,55,2026-10-10,Genoa,Fiorentina,3.1,3.3,2.25,30.15,28.32,41.53,35.02,24.63,40.35,4.87,-3.69,-1.18,No Bet,4.87,0.0,No Bet,0.0,2026-10-05T00:09:57.704187+00:00,988.0
5749694,55,2026-10-10,Inter Milan,Parma,1.13,8.0,19.0,83.28,11.76,4.95,87.49,10.61,1.9,4.21,-1.15,-3.05,No Bet,4.21,0.0,No Bet,0.0,2026-10-05T00:09:57.704232+00:00,988.0
5749697,55,2026-10-10,Napoli,Frosinone,1.4,4.5,6.5,65.51,20.38,14.11,50.31,25.62,24.07,-15.2,5.24,9.96,No Bet,9.96,0.0,No Bet,0.0,2026-10-05T00:09:57.704261+00:00,988.0
5795469,47,2026-10-11,Crystal Palace,Nottingham Forest,2.6,3.2,2.63,35.7,29.01,35.29,36.06,25.16,38.77,0.36,-3.85,3.48,No Bet,3.48,0.0,No Bet,0.0,2026-10-05T00:09:46.783799+00:00,988.0
5795470,47,2026-10-11,Hull City,Everton,3.4,3.4,2.05,27.33,27.33,45.33,32.63,28.75,38.62,5.3,1.42,-6.71,No Bet,5.3,0.0,No Bet,0.0,2026-10-05T00:09:46.783819+00:00,988.0
5795472,47,2026-10-11,Liverpool,Manchester City,2.5,3.6,2.5,37.11,25.77,37.11,25.4,23.64,50.96,-11.71,-2.13,13.85,Away Win,13.85,45.12,Pending,0,2026-10-02T00:54:59.098934+00:00,988
5904763,71,2026-10-11,Torku Konyaspor,Basaksehir,2.4,3.2,2.38,36.25,27.19,36.56,37.44,28.06,34.5,1.19,0.87,-2.06,No Bet,1.19,0.0,No Bet,0.0,2026-10-05T00:09:48.792071+00:00,988.0
5904765,71,2026-10-11,Besiktas JK,Kocaelispor,1.22,5.0,8.0,71.61,17.47,10.92,63.35,22.1,14.55,-8.26,4.63,3.63,No Bet,4.63,0.0,No Bet,0.0,2026-10-05T00:09:48.792108+00:00,988.0
5802951,53,2026-10-11,Nice,Strasbourg,2.2,3.6,2.9,42.2,25.79,32.01,35.7,23.47,40.84,-6.5,-2.32,8.83,No Bet,8.83,0.0,No Bet,0.0,2026-10-05T00:09:50.715310+00:00,988.0
5802953,53,2026-10-11,Rennes,Auxerre,1.4,5,6.5,66.87,18.72,14.4,47.07,23.8,29.13,-19.8,5.08,14.73,Away Win,14.73,18.56,Pending,0,2026-10-02T00:55:02.079513+00:00,988
5802954,53,2026-10-11,Troyes,Marseille,3.6,3.9,1.85,25.85,23.86,50.3,27.46,21.27,51.27,1.61,-2.59,0.97,No Bet,1.61,0.0,No Bet,0.0,2026-10-05T00:09:50.715360+00:00,988.0
5881182,54,2026-10-11,SC Freiburg,FC Schalke 04,1.6,4.2,4.75,58.21,22.18,19.61,64.19,16.67,19.13,5.98,-5.51,-0.48,No Bet,5.98,0.0,No Bet,0.0,2026-10-05T00:09:51.738796+00:00,988.0
5836857,48,2026-10-11,Southampton,Portsmouth,1.53,4.2,5.5,60.88,22.18,16.94,76,15.77,8.23,15.12,-6.41,-8.71,Home Win,15.12,49.4,Pending,0,2026-10-02T00:55:04.208451+00:00,988
5868083,87,2026-10-11,Elche CF,Celta Vigo,2.7,3.3,2.5,34.5,28.23,37.26,29.61,25.57,44.82,-4.89,-2.66,7.56,No Bet,7.56,0.0,No Bet,0.0,2026-10-05T00:09:56.665229+00:00,988.0
5868082,87,2026-10-11,Real Betis,CA Osasuna,1.67,3.9,4.75,56.19,24.06,19.75,73.85,17.61,8.54,17.66,-6.45,-11.21,Home Win,17.66,49.4,Pending,0,2026-10-02T00:55:07.079175+00:00,988
5868087,87,2026-10-11,Real Racing Club de Santander,Valencia,2.1,3.6,3.1,44.23,25.8,29.96,33.5,22.58,43.92,-10.73,-3.22,13.96,Away Win,13.96,38.27,Pending,0,2026-10-02T00:55:07.079193+00:00,988
5749692,55,2026-10-11,Como,AS Roma,2.5,3.4,2.63,37.23,27.38,35.39,44.38,24.66,30.95,7.15,-2.72,-4.44,No Bet,7.15,0.0,No Bet,0.0,2026-10-05T00:09:57.704294+00:00,988.0
5749696,55,2026-10-11,Lecce,Bologna,3.75,3.4,1.95,24.84,27.4,47.77,39.39,26.95,33.67,14.55,-0.45,-14.1,Home Win,14.55,33.93,Pending,0,2026-10-02T00:55:08.235466+00:00,988
5749695,55,2026-10-11,Lazio,Monza,1.57,3.6,6.25,59.27,25.85,14.89,57.91,22.07,20.02,-1.36,-3.78,5.13,No Bet,5.13,0.0,No Bet,0.0,2026-10-05T00:09:57.704356+00:00,988.0
5749698,55,2026-10-11,Sassuolo,AC Milan,4.0,3.5,1.85,23.23,26.55,50.22,27.8,24.32,47.88,4.57,-2.23,-2.34,No Bet,4.57,0.0,No Bet,0.0,2026-10-05T00:09:57.704384+00:00,988.0
5749691,55,2026-10-11,Cagliari,Juventus,6,3.9,1.55,15.6,24,60.39,26.22,28.18,45.6,10.62,4.18,-14.79,Home Win,10.62,14.16,Pending,0,2026-10-02T00:55:08.235510+00:00,988
5795468,47,2026-10-12,Coventry City,Newcastle United,3.2,3.5,2.1,29.09,26.59,44.32,34.7,23.68,41.61,5.61,-2.91,-2.71,No Bet,5.61,0.0,No Bet,0.0,2026-10-05T00:09:46.783860+00:00,988.0
5904759,71,2026-10-12,Eyüpspor,Goztepe,3.25,3.4,1.8,26.59,25.41,48,36.72,21.4,41.88,10.13,-4.01,-6.12,Home Win,10.13,18.58,Pending,0,2026-10-03T00:38:14.519944+00:00,988
5749690,55,2026-10-12,Atalanta BC,Venezia,1.62,4.0,4.75,57.27,23.2,19.53,57.5,22.41,20.1,0.23,-0.79,0.57,No Bet,0.57,0.0,No Bet,0.0,2026-10-05T00:09:57.704450+00:00,988.0
5749699,55,2026-10-12,Torino,Udinese,2.25,3.3,3.0,41.12,28.04,30.84,39.16,24.81,36.03,-1.96,-3.23,5.19,No Bet,5.19,0.0,No Bet,0.0,2026-10-05T00:09:57.704481+00:00,988.0
5868085,87,2026-10-12,Levante,Sevilla,2.5,3.3,2.63,36.93,27.97,35.1,46.43,23.65,29.91,9.5,-4.32,-5.19,No Bet,9.5,0.0,No Bet,0.0,2026-10-05T00:09:56.665322+00:00,988.0
6106260,42,2026-10-13,Arsenal,Lille,1.25,5.75,10.5,74.83,16.27,8.91,72.18,18.83,8.99,-2.65,2.56,0.08,No Bet,2.56,0.0,No Bet,0.0,2026-10-05T00:09:47.873244+00:00,988.0
6106267,42,2026-10-13,Atlético Madrid,Manchester United,2.2,3.9,2.75,42.3,23.86,33.84,50.08,23.11,26.81,7.78,-0.75,-7.03,No Bet,7.78,0.0,No Bet,0.0,2026-10-05T00:09:47.873281+00:00,988.0
6106338,42,2026-10-13,Galatasaray,Barcelona,8.0,6.0,1.25,11.45,15.27,73.28,8.87,13.99,77.15,-2.58,-1.28,3.87,No Bet,3.87,0.0,No Bet,0.0,2026-10-05T00:09:47.873317+00:00,988.0
6106251,42,2026-10-13,Inter Milan,Club Brugge,1.25,5.75,9.0,73.73,16.03,10.24,75.59,14.63,9.78,1.86,-1.4,-0.46,No Bet,1.86,0.0,No Bet,0.0,2026-10-05T00:09:47.873422+00:00,988.0
6106328,42,2026-10-13,Villarreal,Napoli,2.25,3.6,2.88,41.56,25.97,32.47,49.0,22.83,28.17,7.44,-3.14,-4.3,No Bet,7.44,0.0,No Bet,0.0,2026-10-05T00:09:47.873466+00:00,988.0
6106323,42,2026-10-13,RB Leipzig,PSV Eindhoven,2,4,3.1,46.62,23.31,30.08,57.93,19.15,22.92,11.31,-4.16,-7.16,Home Win,11.31,19.59,Pending,0,2026-10-03T23:54:21.788885+00:00,988
5837972,109,2026-10-10,Oldham Athletic,Accrington Stanley,1.57,3.75,4.6,56.82,23.79,19.39,47.43,25.53,27.05,-9.39,1.74,7.66,No Bet,7.66,0.0,No Bet,0.0,2026-10-05T00:09:55.656055+00:00,988.0
5837976,109,2026-10-10,Swindon Town,Crewe Alexandra,2.45,3.4,2.45,36.76,26.49,36.76,27.22,25.31,47.47,-9.54,-1.18,10.71,Away Win,10.71,27.77,Pending,0,2026-10-03T23:54:28.751533+00:00,988.0
5837967,109,2026-10-10,Bristol Rovers,Barnet,2.05,3.5,2.88,43.53,25.49,30.98,31.92,24.91,43.18,-11.61,-0.58,12.2,Away Win,12.2,29.96,Pending,0.0,2026-10-05T00:09:55.656149+00:00,988.0
5837968,109,2026-10-10,Cheltenham Town,Salford City,3.75,3.5,1.75,23.73,25.42,50.85,29.57,23.52,46.91,5.84,-1.9,-3.94,No Bet,5.84,0.0,No Bet,0.0,2026-10-05T00:09:55.656186+00:00,988.0
5837969,109,2026-10-10,Crawley Town,Chesterfield FC,4.2,3.8,1.62,21.29,23.53,55.19,22.35,26.14,51.51,1.06,2.61,-3.68,No Bet,2.61,0.0,No Bet,0.0,2026-10-05T00:09:55.656225+00:00,988.0
5837971,109,2026-10-10,Newport County,Colchester United,2.5,3.3,2.38,35.61,26.98,37.41,47.7,25.33,26.97,12.09,-1.65,-10.44,Home Win,12.09,31.7,Pending,0,2026-10-03T23:54:28.751710+00:00,988.0
5837975,109,2026-10-10,Shrewsbury Town,Exeter City,2.15,3.1,2.9,41.07,28.48,30.45,38.01,26.32,35.67,-3.06,-2.16,5.22,No Bet,5.22,0.0,No Bet,0.0,2026-10-05T00:09:55.656288+00:00,988.0
5837970,109,2026-10-10,Fleetwood Town,Walsall,2.1,3.3,2.9,42.36,26.96,30.68,49.45,24.72,25.83,7.09,-2.24,-4.85,No Bet,7.09,0.0,No Bet,0.0,2026-10-05T00:09:55.656337+00:00,988.0
5837974,109,2026-10-10,Rotherham United,Gillingham,1.8,3.3,3.8,49.53,27.01,23.46,45.98,24.64,29.37,-3.55,-2.37,5.91,No Bet,5.91,0.0,No Bet,0.0,2026-10-05T00:09:55.656358+00:00,988.0
5837973,109,2026-10-10,Port Vale,Grimsby Town,2.3,3.25,2.63,38.73,27.41,33.87,36.45,27.59,35.96,-2.28,0.18,2.09,No Bet,2.09,0.0,No Bet,0.0,2026-10-05T00:09:55.656387+00:00,988.0
5837978,109,2026-10-10,York City,Northampton Town,1.62,3.6,4.33,54.82,24.67,20.51,55.02,21.73,23.25,0.2,-2.94,2.74,No Bet,2.74,0.0,No Bet,0.0,2026-10-05T00:09:55.656427+00:00,988.0
5837977,109,2026-10-10,Tranmere Rovers,Rochdale,1.91,3.25,3.4,46.52,27.34,26.14,43.64,24.87,31.49,-2.88,-2.47,5.35,No Bet,5.35,0.0,No Bet,0.0,2026-10-05T00:09:55.656484+00:00,988.0
6106309,42,2026-10-14,Feyenoord,Como,3.6,4.0,1.8,25.64,23.08,51.28,28.89,22.5,48.61,3.25,-0.58,-2.67,No Bet,3.25,0.0,No Bet,0.0,2026-10-05T00:09:47.873546+00:00,988.0
6106405,42,2026-10-14,LASK,Liverpool,9.5,6.0,1.25,9.82,15.55,74.63,23.12,19.81,57.07,13.3,4.26,-17.56,Home Win,13.3,5.43,Pending,0.0,2026-10-05T00:09:47.873566+00:00,988.0
6106337,42,2026-10-14,Shakhtar Donetsk,AEK Athens,2.6,3.5,2.5,35.93,26.69,37.37,29.07,25.05,45.89,-6.86,-1.64,8.52,No Bet,8.52,0.0,No Bet,0.0,2026-10-05T00:09:47.873597+00:00,988.0
6106274,42,2026-10-14,AS Roma,Real Madrid,3.3,3.75,1.95,27.99,24.63,47.37,38.22,25.38,36.4,10.23,0.75,-10.97,Home Win,10.23,12.16,Pending,0.0,2026-10-05T00:09:47.873635+00:00,988.0
6106284,42,2026-10-14,Aston Villa,Fenerbahce,1.7,3.9,4.33,54.69,23.84,21.47,50.17,24.65,25.18,-4.52,0.81,3.71,No Bet,3.71,0.0,No Bet,0.0,2026-10-05T00:09:47.873656+00:00,988.0
6106315,42,2026-10-14,Bodø/Glimt,Borussia Dortmund,3.0,3.9,2.05,30.93,23.8,45.27,32.49,21.69,45.82,1.56,-2.11,0.55,No Bet,1.56,0.0,No Bet,0.0,2026-10-05T00:09:47.873708+00:00,988.0
6106299,42,2026-10-14,Real Betis,Porto,2.05,3.6,3.1,44.83,25.53,29.64,48.7,26.59,24.71,3.87,1.06,-4.93,No Bet,3.87,0.0,No Bet,0.0,2026-10-05T00:09:47.873803+00:00,988.0
6106396,42,2026-10-14,ŠK Slovan Bratislava,VfB Stuttgart,8.0,5.75,1.29,11.64,16.19,72.17,9.03,14.41,76.57,-2.61,-1.78,4.4,No Bet,4.4,0.0,No Bet,0.0,2026-10-05T00:09:47.873841+00:00,988.0
5103655,268,2026-10-10,Vasco da Gama,Remo,1.29,4.5,7.0,67.98,19.49,12.53,65.66,23.89,10.45,-2.32,4.4,-2.08,No Bet,4.4,0.0,No Bet,0.0,2026-10-05T00:09:49.677704+00:00,988.0
5103656,268,2026-10-11,Sao Paulo,Vitoria,1.55,3.4,4.6,55.78,25.43,18.79,51.43,23.48,25.1,-4.35,-1.95,6.31,No Bet,6.31,0.0,No Bet,0.0,2026-10-05T00:09:49.677728+00:00,988.0
5103657,268,2026-10-11,Palmeiras,Corinthians,1.44,3.6,5.5,60.18,24.07,15.75,62.48,24.14,13.38,2.3,0.07,-2.37,No Bet,2.3,0.0,No Bet,0.0,2026-10-05T00:09:49.677772+00:00,988.0
5103654,268,2026-10-11,Flamengo,Fluminense,1.3,4.33,6.5,66.66,20.01,13.33,56.26,21.01,22.73,-10.4,1.0,9.4,No Bet,9.4,0.0,No Bet,0.0,2026-10-05T00:09:49.677801+00:00,988.0
5103660,268,2026-10-11,Grêmio,Internacional,2.15,3.0,2.7,39.79,28.52,31.69,36.54,26.45,37.01,-3.25,-2.07,5.32,No Bet,5.32,0.0,No Bet,0.0,2026-10-05T00:09:49.677819+00:00,988.0
5103662,268,2026-10-11,Bahia,Mirassol,1.57,3.6,4.2,55.25,24.1,20.65,59.35,21.95,18.7,4.1,-2.15,-1.95,No Bet,4.1,0.0,No Bet,0.0,2026-10-05T00:09:49.677846+00:00,988.0
5103661,268,2026-10-12,Coritiba,Botafogo,2.4,3.2,2.38,36.25,27.19,36.56,35.22,22.19,42.59,-1.03,-5.0,6.03,No Bet,6.03,0.0,No Bet,0.0,2026-10-05T00:09:49.677870+00:00,988.0
1000021775,299,2026-10-14,Boca Juniors,Vasco da Gama,1.75,2.9,4.2,49.5,29.87,20.63,41.55,29.72,28.73,-7.95,-0.15,8.1,No Bet,8.1,0.0,No Bet,0.0,2026-10-05T00:09:52.748512+00:00,988.0
